,MQ-2_DG,MQ-3_DG,MQ-5_DG,MQ-6_DG,MQ-8_DG,MQ-9_DG,MQ-135_DG,MQ-138_DG,MQ-2_PK,MQ-3_PK,MQ-5_PK,MQ-6_PK,MQ-8_PK,MQ-9_PK,MQ-135_PK,MQ-138_PK,MQ-2_MN,MQ-3_MN,MQ-5_MN,MQ-6_MN,MQ-8_MN,MQ-9_MN,MQ-135_MN,MQ-138_MN,MQ-2_RT,MQ-3_RT,MQ-5_RT,MQ-6_RT,MQ-8_RT,MQ-9_RT,MQ-135_RT,MQ-138_RT,MQ-2_FT,MQ-3_FT,MQ-5_FT,MQ-6_FT,MQ-8_FT,MQ-9_FT,MQ-135_FT,MQ-138_FT,MQ-2_AI,MQ-3_AI,MQ-5_AI,MQ-6_AI,MQ-8_AI,MQ-9_AI,MQ-135_AI,MQ-138_AI,MQ-2_DI,MQ-3_DI,MQ-5_DI,MQ-6_DI,MQ-8_DI,MQ-9_DI,MQ-135_DI,MQ-138_DI,Reference_Red,Phenol Red_Red,Methylene Blue_Red,Methyl Red_Red,Reference_Green,Phenol Red_Green,Methylene Blue_Green,Methyl Red_Green,Reference_Blue,Phenol Red_Blue,Methylene Blue_Blue,Methyl Red_Blue,Reference_Hue,Phenol Red_Hue,Methylene Blue_Hue,Methyl Red_Hue,Reference_Saturation,Phenol Red_Saturation,Methylene Blue_Saturation,Methyl Red_Saturation,Reference_Value,Phenol Red_Value,Methylene Blue_Value,Methyl Red_Value,VOC
0,28.98532547,2.171367374,0.367137798,2.463584406,1.168747687,5.836668573,16.37361978,6.5267335,44.01800521,2.588933112,0.588005366,10.38359233,4.622889072,7.507512349,19.66093076,8.705952468,27.27930077,2.176005603,0.343547291,1.497313166,1.217283426,3.725324199,15.98031107,3.591784447,1,2,1,1,0,36,1,54,7,47,1,4,1,3,7,3,2709.799963,214.890115,34.19959464,159.3489997,119.6534816,389.2711833,1577.199281,382.0012017,717.2328266,162.459092,8.231591047,120.5313595,38.98568203,111.0839557,348.1228708,117.9807537,2.0934,10.6036,3.3567,4.3785,2.183,28.4236,6.017,26.5051,2.1333,5.5964,3.4822,8.1161,9.0578,17.4441,1.4693,17.7102,0.1751,16.0359,3.6088,11.1417,2.1758,11.9333,3.4822,4.3785,Acetone
1,25.11415525,2.053644237,0.180342325,8.650878532,0.531005186,5.252011859,6.367097581,3.724948558,33.37143469,2.168295123,0.658336553,10.38338026,2.262705125,5.836807181,9.797335125,4.347582549,19.56356169,1.812049193,0.141970006,2.845519184,0.466936898,2.41009225,5.144627102,1.492945376,2,5,1,58,0,49,1,54,9,37,3,12,6,4,8,25,1982.948106,181.5082232,14.43056266,341.3796408,46.84919548,264.3890621,522.2242927,165.6657,813.3420235,285.2985443,9.610118003,418.8375503,31.31832682,140.3338107,191.612453,97.84992825,2.0153,1.4322,0.779,2.2399,2.4976,2.4235,3.9604,11.6606,2.1278,1.5369,1.3695,2.7262,26.0847,1.11,1.4886,15.7837,0.5,1.6485,1.3456,1.8943,1.9871,1.3454,1.3695,2.2399,Acetone
2,25.44520524,1.934628087,0.243855536,10.38313038,0.41203526,5.251748491,7.330380479,3.724783874,34.55889857,2.067089133,0.808740174,10.38313038,1.923454875,6.567537965,10.5002875,4.347417865,20.08622854,1.722056805,0.17170961,3.760934122,0.391775452,2.453908794,5.658603828,1.644132447,1,5,0,54,1,48,1,49,8,39,11,13,7,5,8,4,2034.103413,172.2959578,17.68555418,428.467241,38.92218381,270.602908,575.1037122,182.6827692,887.6350178,224.3195557,17.30076861,478.0370551,26.81713105,159.9866948,221.2121198,111.2251743,1.8914,1.6054,0.9554,3.906,2.1503,1.8481,4.2142,10.7179,1.9504,2.4544,2.1862,2.6307,27.2533,0.9597,1.3098,47.0193,0.3731,1.9754,1.374,1.5706,1.8727,1.5548,2.1862,3.906,Acetone
3,25.4580301,1.990455381,0.186193416,10.38367945,0.465298307,5.836444015,7.330659624,4.347523651,34.57172343,2.128712768,0.707778396,10.38367945,2.016640576,6.567438167,11.31336331,4.743745281,20.27125278,1.769334617,0.146177499,3.36280255,0.417527495,2.748093383,5.679744106,1.617858863,1,5,0,56,1,45,1,47,8,40,13,13,13,5,8,23,2051.545449,177.043,14.87610653,387.4428359,41.68330479,298.1020147,575.7434593,180.702258,925.6420171,239.8219364,14.50109981,467.1792016,41.05564738,169.5786647,228.9228964,114.6028222,1.382,2.0829,2.2827,1.4291,1.1234,2.2306,3.3568,7.8661,1.5071,3.5374,1.7171,1.6887,32.4741,0.7469,1.8681,66.5867,0.3642,3.1416,3.3534,0.9839,1.4151,2.1139,1.7171,1.4291,Acetone
4,25.8007238,1.971918579,0.193906722,10.38377983,0.513509934,5.836523992,7.520646954,3.475776523,35.84857069,2.109686324,0.765034661,10.38377983,1.798610709,6.567518144,10.89224796,4.34746411,20.33367968,1.734392952,0.145989688,3.366380151,0.351114889,3.02272468,5.770709403,1.610637044,2,6,1,55,0,39,1,46,9,38,14,13,4,5,9,4,2057.172575,173.7316153,14.92825154,391.2307269,36.16165883,326.0359254,586.6803454,178.0904614,961.637053,252.0607687,15.532405,479.6515584,28.27043632,183.5050367,244.6790125,116.0268211,0.6216,0.6216,0.8456,2.1689,0.7851,1.0919,3.3697,7.6169,0.5898,2.1781,0.8418,1.1074,24.8493,0.7332,1.2211,63.6562,0.2661,2.337,1.5505,0.9024,0.5804,0.6035,0.8418,2.1689,Acetone
5,26.95856758,1.845003128,0.342069395,3.701085643,1.007055587,6.565759802,16.37048567,6.525628096,39.5613073,2.149281433,0.472410576,10.38359233,4.272468335,8.758742258,22.69223756,7.459579082,25.90810023,1.826317915,0.305096875,2.101238507,1.044522163,4.053723142,16.58037718,4.058059523,0,2,1,1,1,47,1,42,6,48,1,6,2,15,7,3,2572.163959,180.4812509,30.41678589,223.9823919,102.7692791,422.0889928,1633.512745,428.6257649,660.3555413,156.2489458,7.546703961,168.0754489,33.454161,123.6173677,348.0305353,118.7329907,2.9045,11.6481,1.7016,5.8425,2.8145,24.8733,8.5221,27.4718,2.8574,3.5818,3.929,8.7254,7.9466,16.5626,2.5299,18.7009,0.1525,15.4545,1.9084,12.1828,2.8151,13.7823,3.929,5.8425,Acetone
6,26.5996766,2.071526618,0.343592464,2.154396601,1.047012137,4.374928725,15.50807945,5.800455688,40.3889761,2.32629429,0.576900387,8.651278098,4.06773897,5.836917029,21.06931983,6.526862011,25.2379961,2.004596071,0.328918461,1.300074881,1.07796145,3.264541495,14.56811147,3.02672084,1,3,3,0,1,33,1,51,6,47,1,4,2,3,6,3,2503.481134,198.5867411,32.68258105,137.5787827,106.2219151,339.9082392,1441.794652,320.6467605,651.8097087,88.93441732,6.517021325,95.34407023,33.69111523,88.47884692,321.3962219,87.13818387,0.4292,3.148,0.7783,3.2174,0.317,9.2211,2.0796,26.8473,0.3591,2.3508,0.7823,6.8127,8.9693,5.5457,0.6776,17.224,0.165,8.2538,0.7605,10.4917,0.2994,5.6155,0.7823,3.2174,Acetone
7,28.45738472,2.027971375,3.288712343,10.38351912,1.035540697,7.507145104,0.355895995,5.800239791,33.9546361,2.454176105,5.934214988,10.38351912,3.796065196,8.760277936,0.360796243,7.460597099,24.95247364,2.093744478,1.378557236,7.292543828,0.708078221,5.310731743,0.316280203,4.09279722,1,2,68,28,1,31,3,19,8,50,4,8,2,3,12,3,2501.437191,205.6672664,156.2019582,749.7806166,73.46026923,555.5552255,31.59559367,428.2330605,777.8239715,238.6996092,89.13677131,375.1176694,44.3747289,142.5973415,16.76834021,106.5792659,0.5542,0.7344,1.0165,1.8237,0.9734,1.4361,2.3652,18.0276,0.633,2.9291,2.9767,3.1688,27.3761,1.1972,0.3585,52.9934,0.3743,4.2015,1.7459,4.1964,0.5684,1.076,2.9767,1.8237,Acetone
8,28.89443413,1.79622419,5.934226069,10.38326462,1.489985573,8.760387812,0.354948143,7.460569212,33.38097451,2.21276004,8.910416546,10.38326462,4.385066284,8.760387812,0.37055655,8.705837194,25.56965687,1.852609828,2.160534139,7.557284374,0.871651282,5.687062865,0.314589539,4.976390043,1,2,50,25,1,31,2,26,8,51,5,10,3,6,12,4,2561.319026,181.9939966,247.5372296,773.6049752,92.97063267,586.9197497,31.51902031,516.2654948,712.5844492,153.2040525,143.9452616,387.4365634,60.04765402,136.0002535,16.6189279,115.1533275,0.5968,2.1318,5.1228,0.8073,0.6163,5.0895,1.8822,14.637,0.5801,2.253,1.6218,3.2825,6.0751,2.2978,0.4887,6.6425,0.1219,4.5911,9.1495,3.9635,0.601,2.6138,1.6218,0.8073,Acetone
9,28.90169075,1.873198184,5.562038367,10.38335418,1.62198007,10.51508413,0.361574814,10.44894267,36.52696308,2.254579455,8.098564341,10.38335418,3.712281074,10.51508413,0.372501807,10.44894267,25.99220277,1.909866877,2.264560213,7.595510384,0.904944219,7.227309138,0.310392984,5.5135223,1,2,46,20,1,25,1,32,7,50,5,12,3,4,11,4,2601.209913,187.7919026,259.2365366,777.0461222,96.95123059,745.0935796,31.14080959,576.3104896,627.4627975,94.86983946,132.4152443,350.975759,45.73306291,149.6779356,13.15260489,120.507117,10.1993,10.3193,16.2427,9.4702,10.5175,8.0154,33.6536,5.616,10.8859,9.72,10.5933,13.1973,17.2903,2.1818,8.024,5.0661,0.4139,20.6216,20.755,8.9987,10.4874,9.5186,10.5945,9.4702,Acetone
10,30.78810624,1.969387876,1.521436702,10.38408208,7.148562865,10.51489896,8.63885064,10.44925646,39.53810624,2.299073968,2.687655541,10.38408208,11.45890769,10.51489896,9.182707236,10.44925646,27.54615339,1.955324969,0.616351852,7.018275036,2.564326031,7.297854446,6.343723552,6.027237132,1,2,71,28,71,28,44,30,7,47,3,11,6,3,7,4,2754.804453,193.259592,69.94012162,725.101492,301.4000574,751.4409908,646.7234387,629.5211493,653.6424466,128.2613979,31.70211044,363.0767999,211.7497594,166.3813592,170.327113,146.5126894,0.6588,0.7412,0.8951,1.474,0.6532,1.2349,4.1696,1.8857,1.0031,1.2746,0.9179,1.4622,7.9306,0.8587,1.181,0.8472,0.2576,1.6767,1.3133,1.95,0.8793,0.974,0.9179,1.474,Acetone
11,31.25703419,1.85968945,1.842015699,10.38317906,2.616007019,10.51367005,10.13691864,10.44842086,37.2468515,2.206853593,3.060714386,10.38317906,5.710613562,10.51367005,11.76923858,10.44842086,27.10660399,1.86444091,0.786069062,7.518318995,1.429728904,7.208626356,9.100702831,5.912106944,2,2,69,22,60,22,0,31,7,49,3,21,9,4,7,3,2717.931476,183.9059073,88.50105683,770.0973211,153.5370423,743.3994025,910.2955225,617.4085368,655.3388567,205.8358874,46.68653439,480.1724254,111.7722445,183.5584438,201.3921945,143.0171016,0.6882,0.6995,1.0346,2.0556,0.6001,0.4396,4.6193,3.1742,0.8186,1.9313,1.0896,1.1875,10.5632,0.4939,1.3541,1.2583,0.3344,2.1582,1.5547,2.1476,0.731,0.5021,1.0896,2.0556,Acetone
12,21.07489851,0.319264735,1.634146648,3.45359542,4.499886079,0.638375529,10.13845621,0.302250917,23.09893393,0.33814415,1.76642178,4.319846286,4.751953028,1.041234529,11.77077614,0.456045241,17.03682482,0.281805925,1.150978476,2.714667486,3.266701013,0.560874746,8.13628542,0.283258408,3,7,9,7,12,1,2,1,3,47,3,8,2,5,4,6,1721.87272,28.19014714,117.6979643,274.7527443,333.5653599,55.59982292,821.4933336,28.1797119,310.6427653,8.795281459,22.08981731,50.50130494,57.97368299,6.670472895,139.9272279,3.894065166,2.4536,27.7225,15.5458,3.6642,2.8501,96.5335,15.499,29.5465,2.3618,18.3656,18.3908,10.2494,37.2576,176.0403,8.1298,25.3944,1.14,56.833,31.7945,11.1894,1.7148,25.7536,18.3935,6.296,Ammonia
13,21.03434478,0.099594589,0.284723773,0.493853502,1.322402434,0.454685853,2.285344329,0.207164748,25.16999408,0.147877348,0.302080816,1.008360013,1.59135873,0.798636267,2.509943216,0.385464482,18.45716475,0.10724517,0.232301684,0.465688971,1.107400441,0.422503557,1.949560601,0.192810063,1,2,2,0,2,0,1,1,4,44,1,19,1,9,3,10,1849.786861,10.54269552,23.36337943,46.08752814,111.1730903,41.94741259,195.8037813,19.13274857,467.0373018,5.505448196,5.476189244,10.32632028,27.59558542,7.741054678,50.3536079,3.912736786,3.7729,25.228,5.3842,3.797,3.4315,81.4918,3.5536,33.972,6.7064,12.5313,9.8836,9.6995,10.9277,213.8062,1.7937,25.7495,4.9352,31.1266,15.4592,10.4657,3.4147,25.2281,9.8836,3.797,Ammonia
14,22.25040101,0.098000648,0.274814788,0.493697612,1.242216422,0.499766511,2.342441143,0.228030304,25.16415392,0.145421033,0.284738179,0.900928474,1.426211054,0.798496906,2.728204742,0.391529135,19.1358618,0.105128445,0.212297936,0.440581155,1.003978339,0.424842068,2.037108002,0.19858094,1,3,4,0,3,1,1,1,4,44,2,19,14,13,2,15,1917.05648,10.34025328,21.42223071,43.65457505,100.8975585,42.11235394,204.2499254,19.67953417,481.0324239,6.896207771,5.423560408,10.08821566,26.26642461,7.788044164,55.65037741,4.119016065,3.5953,22.2563,7.2738,4.1834,3.8418,73.7723,3.8982,28.1703,3.3795,23.7229,3.7593,5.6885,2.9984,215.8173,3.0297,16.2556,1.6091,25.3323,14.6796,3.5753,3.6848,22.2563,3.7593,4.2113,Ammonia
15,21.04166199,0.098778014,0.273825674,0.465993651,1.241735965,0.467203579,2.986525319,0.212661006,23.92652955,0.142996374,0.289924067,0.91728424,1.463847132,0.786182845,3.934523888,0.391468716,17.98368322,0.104549098,0.214956033,0.442719942,1.017052872,0.423316455,2.733259419,0.197421622,1,3,4,0,3,0,1,1,4,44,2,16,2,12,4,14,1805.451283,10.29371394,21.72767965,43.94258528,102.3622775,42.0279521,273.163394,19.57120806,456.7572343,5.99815682,5.464642158,10.20508367,25.57984105,7.733569152,65.2276401,3.999766574,2.1693,22.282,6.4384,2.5071,2.0088,74.8549,4.4145,23.582,3.3467,19.1302,4.1197,2.6384,2.4133,215.6036,2.9962,15.5786,2.1917,21.5094,13.689,2.3504,1.991,22.282,4.1197,2.5067,Ammonia
16,21.07228843,0.266582222,1.124308431,3.453352478,3.880367524,0.586723521,10.13588608,0.320005174,22.29418481,0.303839711,1.312242388,3.986429934,4.499077308,1.000783146,11.76820601,0.52817277,16.36221456,0.234468621,0.889295584,2.636186959,3.143692059,0.552606177,8.083006197,0.284761703,2,10,3,5,5,1,2,1,4,36,14,11,2,4,4,5,1658.683524,23.51829048,88.35971534,265.8461922,317.6021961,54.72832769,817.0151389,28.23813276,298.3339696,11.32626355,13.20249543,46.09631515,50.25303898,6.366308025,134.2415329,3.720180552,2.411,24.9165,17.3738,2.7124,2.5458,86.1827,19.5658,19.1514,2.5318,24.1258,19.109,6.2365,137.016,194.6946,6.6881,10.8016,1.9833,58.9906,32.8672,5.6118,2.5643,23.0123,19.109,2.7745,Ammonia
17,19.17239789,0.259280004,1.962893758,3.453286817,3.630468772,0.615247797,10.13615094,0.32413653,21.0699311,0.360570209,2.007987553,3.700787064,4.382956685,1.10850221,11.76847088,0.545268406,15.03345841,0.234088155,1.205940772,2.385448743,2.955641592,0.557445652,7.926149019,0.285940282,2,5,27,6,4,1,2,1,4,0,2,12,4,4,4,5,1523.50804,23.41763667,125.5272098,242.4850985,296.8081451,55.40470797,802.7626999,28.46037382,283.8170454,16.69552977,27.04632688,45.33033641,44.21678038,6.862044306,139.8851348,4.007451524,2.6057,26.0601,15.6101,4.342,2.5117,89.2015,17.7658,18.9497,1.8023,26.1697,15.0579,3.3519,56.6677,194.6174,7.7334,11.3307,0.6805,49.7731,29.6934,7.8275,1.8635,26.0459,15.0522,4.509,Ammonia
18,21.96183615,0.631215197,0.592956416,0.730950731,0.200365836,0.531466414,0.337376442,0.264214754,25.13095168,1.038389528,0.610183064,1.143451143,0.381286305,1.108693645,0.349481406,0.491841674,20.16421017,0.726767353,0.50741803,0.714219148,0.216469865,0.545998604,0.30115169,0.279225415,2,0,7,1,1,1,1,1,3,41,0,2,1,3,2,2,1972.463162,70.57630283,49.69831888,69.39480185,21.03073616,52.01306063,29.92548849,26.71630188,140.6812864,9.549937385,3.285700419,4.288547343,1.60374649,2.523662491,2.406492673,1.374308113,7.6586,34.3224,11.7115,10.8334,7.4242,91.315,13.5948,63.002,9.4877,14.0205,26.2865,19.1411,67.4373,196.9591,2.8154,37.5572,2.0489,42.0385,26.2313,30.4548,7.4518,36.2683,26.2865,9.9351,Ammonia
19,20.56636851,0.589799982,0.725995513,0.951449495,1.3011741,0.499716058,0.331060145,0.258716134,23.32326074,0.936240155,0.801082888,1.356713058,1.504041935,1.132894614,0.39298764,0.49201872,18.55046813,0.680451033,0.662413952,0.903142129,1.223740071,0.536646074,0.30635667,0.275363186,2,1,3,1,2,0,2,1,2,29,1,3,1,2,2,2,1814.292188,66.08975804,64.41461682,87.60643956,118.488676,51.10937862,30.34692198,26.30506826,130.3466673,13.78776466,4.105791424,5.471904869,7.170499382,2.40369627,2.867579623,1.319869735,6.3609,21.2483,14.1503,8.1747,7.2113,66.5594,11.6566,27.2847,8.7938,18.2632,23.2477,7.7763,68.5789,218.4562,4.3767,18.5283,4.6252,62.2496,33.6574,10.059,6.9256,21.2483,23.2477,6.2933,Ammonia
20,20.13087077,0.527126521,0.638460499,0.900756189,1.389627292,0.480372196,3.184521972,0.234377476,23.60869961,0.908415822,0.663518232,1.170164353,1.561143922,0.928337905,3.631560141,0.428338024,18.71835462,0.622707931,0.496445131,0.862245213,1.131088035,0.518388966,2.911367007,0.260258939,1,1,23,1,22,1,2,1,2,32,1,1,1,2,2,1,1815.939255,60.33789365,48.44820319,83.41523984,109.7258698,49.04223588,282.5726458,24.80482242,115.4402583,13.67802761,3.15166471,4.998552818,6.656936631,1.972061565,17.85952177,1.162981748,4.5607,15.2378,12.3224,3.5032,4.2766,63.7706,8.644,26.2101,7.0938,21.0147,17.2771,3.6411,35.192,216.0671,2.998,14.2383,1.0924,73.0823,26.2324,4.9439,5.3695,11.4788,17.2771,3.5398,Ammonia
21,12.23772597,0.463556217,0.05041339,0.333023402,0.015482863,0.0788801,2.399722402,0.09577049,21.72109469,0.679891945,0.051316425,0.553763977,0.39041131,0.438445505,4.101253085,0.259805918,12.91932814,0.50787355,0.031814005,0.238085473,0.190841524,0.204617619,2.444622396,0.118373239,3,1,2,1,9,3,2,2,4,26,1,2,12,7,3,2,1254.522262,49.83184641,3.317407378,24.1845848,17.28075579,18.94975383,239.4639034,11.45810646,76.44030784,-81.57339231,0.398658908,2.642827275,0.101604834,0.505654034,18.47827437,0.578858507,12.0247,24.3274,4.3066,12.3631,11.7933,87.2024,6.1353,35.704,12.795,16.7344,10.5226,7.4878,5.2871,208.822,2.3835,19.0798,3.3827,20.1689,11.4305,4.6822,11.946,24.3448,10.5226,12.3631,Ammonia
22,1.528234968,0.536990631,0.036939099,0.186621432,0.005611612,0.026158516,0.332261538,0.068602699,16.61623401,0.721077489,0.039372546,0.453060625,0.276621223,0.326053552,3.222980041,0.191052857,7.889056776,0.560105402,0.022910618,0.240924991,0.057037763,0.132586113,1.641714514,0.096639886,10,2,7,1,11,11,5,2,9,44,4,4,13,9,9,7,721.3951419,55.17092864,2.207899533,22.44560435,5.178323833,12.11555719,149.8541784,9.147578348,5.590622661,22.71876739,0.119081492,0.646093542,0.136624959,0.22284239,2.249398418,0.499307689,5.5065,29.2924,4.3551,7.1444,4.9321,84.1155,6.8054,34.0894,7.1234,13.0622,9.0674,4.223,4.3982,211.6368,2.3152,18.5287,3.9142,22.0099,11.0492,4.9163,5.276,29.3026,9.0674,7.1444,Ammonia
23,21.99775174,0.096497847,0.278687009,0.493781763,1.241743233,0.458654667,3.501309528,0.208875208,25.16686727,0.140854946,0.28888049,0.901012625,1.504012892,0.774275809,4.352546322,0.368116638,18.92425244,0.101979233,0.211490656,0.437721791,1.042785428,0.420179862,3.198326903,0.194708826,1,3,3,1,2,1,1,0,5,44,1,17,13,11,5,13,1897.259174,10.03764339,21.3988508,43.44448904,104.4940234,41.61953361,318.3064238,19.27594125,482.6159174,3.74528877,5.511782961,10.36370078,26.02344035,7.828477043,73.00666472,4.037144222,2.8083,22.0166,6.1081,3.3191,2.8914,73.8945,4.1607,21.9416,3.8777,20.0663,3.9782,2.7113,2.226,216.9222,2.8888,14.4742,2.354,23.3811,13.078,2.3796,2.7119,22.0166,3.9782,3.3191,Ammonia
24,16.48371154,0.596180198,0.170284859,0.916647339,1.088877441,0.509754391,7.329709802,0.333209241,18.40248352,0.807039105,0.306148791,2.463523886,2.03926452,0.837546083,8.386345474,0.517417542,13.89171632,0.626036325,0.15905815,0.879473515,0.953754003,0.468653871,6.196245412,0.306522529,2,2,1,1,1,0,1,0,3,51,2,1,0,4,2,4,1398.040588,61.43471342,15.84410005,87.63533327,96.24103646,46.27108917,623.8283792,30.35565598,215.2872053,17.48444794,1.755050547,16.51254616,14.61481624,4.112439573,89.54226558,2.773676397,0.3507,0.8362,2.2447,0.5947,0.3258,1.5986,3.9612,4.4452,0.3089,0.7838,1.0676,1.9676,13.5302,1.2466,0.8649,4.0828,0.2422,1.9006,2.8879,2.4919,0.3252,1.1688,1.0645,0.5945,Benzene
25,22.46929495,0.738238782,0.058818647,0.24370229,0.279627652,0.317619004,3.776594523,0.192482113,25.12181484,0.939788371,0.188660577,0.710798345,0.817962391,0.476001071,4.94882516,0.294830577,15.22013114,0.736688574,0.052386938,0.205443747,0.220288733,0.249038101,2.729715729,0.147093563,3,2,1,1,1,1,2,2,3,42,1,3,1,6,2,6,1569.690231,72.89256209,5.239048533,20.62186068,22.41172441,25.17637466,279.2773652,14.94862926,483.9486042,32.52236016,1.20830232,4.759253698,6.97366231,4.728624359,80.62123834,3.157617989,1.2025,1.08,1.7439,1.9002,1.349,1.1873,2.5251,2.827,1.2194,1.7831,1.28,1.6235,15.9533,1.0962,1.117,11.9017,0.4633,2.2695,3.0269,1.3048,1.2237,0.9084,1.28,1.9002,Benzene
26,21.4609589,0.586520196,0.037334505,0.218565051,0.459052362,0.359163339,2.648896036,0.191667704,22.21020965,0.803809368,0.087894935,0.461087418,0.796527303,0.548428831,3.115871257,0.287813976,13.13443416,0.609068884,0.028922442,0.166771951,0.304975026,0.262587959,1.715675457,0.140607458,4,2,1,1,2,1,3,1,3,43,1,7,1,3,2,5,1372.879339,60.04820108,2.935531003,16.92990789,31.52139916,26.81323419,178.0830567,14.32045162,388.5490774,19.27253276,0.554173547,3.290050892,8.474441194,4.422878856,48.59925533,2.657497415,3.3047,3.8075,2.7345,3.4823,3.2982,3.9283,2.0986,2.6249,3.7344,3.3623,3.1374,2.7927,1.9038,0.6608,1.773,1.173,0.7466,1.2459,5.4728,2.4726,3.2029,3.7906,3.1374,3.4823,Benzene
27,22.22132788,0.533314158,0.034617316,0.235219107,0.45706893,0.370096346,2.779892979,0.186525835,23.30357896,0.695613481,0.088897401,0.566392424,0.867148109,0.554639049,3.082530037,0.331000877,13.88074039,0.535557614,0.026782093,0.184485773,0.312113432,0.276923661,1.76272986,0.143940822,3,2,1,1,2,1,2,1,3,43,1,4,0,3,2,5,1448.492498,52.93900298,2.722259096,18.67398988,32.13944273,28.23032516,182.4758873,14.68638124,433.8046877,22.76445075,0.608411646,3.961814344,9.615648866,5.0824227,51.69588133,3.081646843,3.6015,4.3914,2.8575,4.2883,3.6093,4.6591,2.8876,3.137,3.5671,3.3965,2.6657,3.981,1.3726,1.0077,1.7301,1.0214,0.9603,0.9772,5.3487,3.0737,3.5931,4.3947,2.6657,4.2883,Benzene
28,8.458315139,0.59221438,0.144711909,0.869507485,0.952060677,0.504952738,7.516258543,0.333175197,9.053553234,0.841013592,0.215917962,1.913576326,1.965988356,0.798673465,9.175718412,0.55146708,7.161663803,0.629978223,0.13633234,0.811291377,0.868516507,0.445657545,6.328078589,0.29381684,2,2,2,1,0,1,1,0,2,37,2,0,1,3,2,4,720.4761658,61.80654458,13.55188261,80.73997215,87.37972253,44.10408517,636.2251371,29.12328642,129.9770311,21.1243316,1.290449376,15.67912259,14.33417355,4.353410372,99.16403825,2.849283955,1.7728,2.69,2.339,2.5586,1.7863,5.6982,8.019,8.9782,1.8133,1.469,4.3297,1.8189,8.2649,2.8267,1.782,5.7742,0.1984,2.6755,2.7261,3.9156,1.8148,3.7611,4.3297,2.5586,Benzene
29,16.47878566,0.589653211,0.13747802,0.826934193,0.929485223,0.438632421,7.715109176,0.347336219,17.38677597,0.82108746,0.19556363,2.351129266,1.876577221,0.7097704,8.63107818,0.517403951,13.76958579,0.597385656,0.128459632,0.763369365,0.851530694,0.396249951,6.3792852,0.289964901,3,5,1,0,1,1,2,1,2,50,2,0,1,3,2,5,1386.019247,58.8504404,12.79041822,76.23798793,85.38463022,39.34737931,641.9845582,28.65353943,223.3649323,17.3477505,1.448418584,15.58476445,13.31779733,3.9656939,96.82221239,2.678836119,0.684,1.7813,1.5208,2.041,0.5758,4.0694,3.0666,12.3287,0.6447,0.9539,1.1883,1.4971,11.0736,2.1865,0.6216,7.6231,0.2303,2.6527,1.5527,2.9809,0.5898,2.6584,1.1883,2.041,Benzene
30,24.80099178,0.591901482,0.30520646,0.672162973,0.665253752,0.730012454,0.331961873,0.373646931,30.73453608,0.954947538,0.503846176,1.720782442,1.332748111,1.450710914,0.366308998,0.7154852,22.13576158,0.664023972,0.293653648,0.665788051,0.573931357,0.706387128,0.288633532,0.373269203,2,1,1,1,1,1,2,1,3,17,1,1,0,4,5,3,2209.296175,64.64083337,29.63045357,65.5315894,59.00507645,69.07795461,29.01776395,36.61572386,298.1859816,9.917377385,3.158560905,7.146210586,9.17712084,5.265490389,6.464447117,2.882840612,1.5484,1.746,1.4741,2.7484,1.6045,1.437,3.2462,6.059,1.5812,2.0308,2.8872,2.1923,10.7406,0.6033,0.7649,1.7565,0.1941,1.9373,2.1362,1.4417,1.6155,1.5534,2.8872,2.7484,Benzene
31,25.10339123,0.542396179,0.308824884,0.638127862,0.758681292,0.646347659,0.347080601,0.349833905,28.8741303,0.907937829,0.506981069,1.517117712,1.50355655,1.158043566,0.355972596,0.611769584,22.4426417,0.626343109,0.293897491,0.619127729,0.743280226,0.643464192,0.293911216,0.34918157,2,1,1,1,1,1,2,1,3,18,0,1,1,3,5,2,2241.387711,60.71735364,29.80515032,61.00536444,75.08101827,62.79611383,29.46061293,34.11897863,279.3956234,8.960831133,3.156688689,6.520325071,9.174533124,4.504637891,5.520757147,2.492974292,1.0892,1.5377,1.1161,1.4652,1.1682,1.4163,1.9796,2.9779,1.1112,1.1309,2.5491,1.1344,10.5959,0.5685,0.4209,1.4777,0.1943,1.4038,1.9721,1.5782,1.1481,1.435,2.5491,1.4652,Benzene
32,25.09754738,0.522338695,0.310031009,0.599877389,0.769841965,0.600425181,0.324926674,0.342440594,28.44202899,0.822622377,0.526199793,1.432157633,1.560594045,1.108250906,0.335676077,0.563792803,22.47832819,0.582477788,0.296734373,0.601474807,0.736814309,0.618097533,0.282413526,0.346536868,2,1,0,0,1,1,2,1,3,19,0,1,0,3,4,3,2246.386516,56.70229843,30.01189799,59.2532931,74.27444114,60.4094945,28.32756946,33.8660005,296.7384059,9.602463746,3.388164342,6.692666055,9.92392675,4.611552586,5.517798901,2.574593735,2.986,2.9936,2.0089,3.7245,2.7416,3.0696,1.2722,8.9186,3.0882,3.1382,3.2026,2.7097,21.3692,0.7604,0.5133,20.6311,0.599,2.2197,2.6758,1.7166,3.0678,3.0103,3.2026,3.7245,Benzene
33,26.53731106,0.946271655,0.195568312,0.373582316,0.66731714,0.445668735,5.852505483,0.337344607,28.92204874,1.264348697,0.336274515,0.869515015,1.310570131,0.865195814,6.979583533,0.576324125,22.71485008,1.012473986,0.176837509,0.368274873,0.628937438,0.456140493,5.161917426,0.319307997,2,1,1,1,0,1,2,1,2,25,1,3,0,3,2,4,2271.991158,99.13698532,17.76856483,36.11668576,63.20779814,44.11620316,516.3796088,30.98058793,260.0960395,25.38803536,1.68754696,3.063303121,6.832737286,2.696100271,53.91501898,2.02605549,3.1779,3.6335,1.2309,5.1854,3.2489,3.8542,5.5559,4.2023,3.4161,4.3808,4.2656,3.2204,6.9948,0.8249,1.2243,2.4935,0.4085,1.8936,1.9458,2.6749,3.381,3.7907,4.2656,5.1854,Benzene
34,26.51617134,0.797638074,0.193554568,0.330688685,0.632757891,0.41637217,5.971804609,0.328319933,28.90090902,1.209977059,0.339119903,0.884869139,1.232235854,0.851285924,6.814304813,0.551080481,22.40809139,0.902920666,0.170667673,0.355023889,0.564858501,0.41621885,5.033050477,0.287175143,2,1,1,0,1,1,1,1,3,23,1,4,1,4,2,5,2245.663761,88.06219906,17.25120049,34.76151785,57.07346855,40.45391875,503.8965381,28.04841096,264.0116678,19.0911114,1.72380682,2.909772442,6.908909633,2.754021044,54.22066564,1.952177831,3.0114,3.8856,1.1447,4.9109,2.9993,4.2634,4.9276,3.5771,3.0156,3.7673,4.1945,2.8522,9.0092,0.9356,1.0798,1.1459,0.2691,1.1703,1.9871,2.4438,3.0046,4.2031,4.1945,4.9109,Benzene
35,22.2281462,0.879165326,0.062574051,0.220911445,0.251306953,0.311505935,3.728580006,0.175939314,24.1922315,1.100200103,0.201439158,0.572869311,0.871869778,0.514928602,4.78565983,0.284636435,14.69113153,0.861187186,0.054580493,0.188261756,0.213641284,0.261733927,2.561271189,0.14523297,3,2,1,1,1,1,2,2,3,41,1,6,1,4,3,5,1521.744428,85.33497446,5.458255279,18.98914825,21.53245601,26.50134182,262.7750332,14.73387407,482.4915386,52.65465747,1.284295586,4.339490882,6.182108548,4.915751358,76.12007234,3.08401564,1.5934,1.4507,1.4106,2.815,1.5317,1.3521,2.7987,3.3549,1.6382,2.0595,2.6743,1.7107,14.9761,0.8188,0.9721,14.8232,0.8487,1.7517,2.5847,1.6783,1.5689,1.2731,2.6743,2.815,Benzene
36,1.596723802,1.815460385,0.008896948,0.033081659,0.026819484,0.032830636,0.13648373,0.017259599,1.852342079,1.911338308,0.013721844,0.054294131,0.042314838,0.04476793,0.155330548,0.023356499,1.499803915,1.707404695,0.00958091,0.03512479,0.027960226,0.033096527,0.12571311,0.017873143,9,3,8,5,9,3,8,1,9,23,6,7,7,4,10,4,147.2670823,168.4952836,0.921195825,3.397815471,2.704600538,3.194490578,12.39027071,1.726018387,1.121225043,37.49336082,-0.081594644,0.012990916,0.019847046,0.052839948,0.442896345,0.015111644,1.6539,2.398,2.7814,2.8671,1.7822,2.9808,1.6863,14.1183,1.6032,2.8958,1.5995,2.2561,61.8066,0.5771,0.7253,198.2872,1.2013,2.0194,4.5819,2.6654,1.6829,2.5396,1.5995,2.8671,Ethanol
37,0.350960426,1.62928763,0.000418938,0.002981661,0.002442074,0.009843748,0.039510196,0.005612663,0.378167198,1.79213526,0.000893936,0.003446557,0.002963014,0.00996052,0.043275028,0.006020269,0.296606309,1.45106832,0.000414152,0.002325512,0.001917984,0.007243024,0.033002613,0.004131136,8,4,1,10,10,18,9,18,16,42,12,15,22,9,14,8,29.81582355,145.1656299,0.041543876,0.234158014,0.194118841,0.73733504,3.315360326,0.420868602,10.11389697,80.80732707,-0.030967325,0.046855824,0.023057387,0.153867873,0.791699975,0.072298894,3.1236,2.8819,3.666,2.9681,3.2416,2.8451,2.7689,5.8948,3.5408,2.9718,2.4951,4.3194,1.1168,1.3614,2.1799,3.0394,1.0476,1.8216,7.1291,3.6775,3.134,2.8745,2.4951,2.9681,Ethanol
38,0.343846106,1.616543358,0.000434438,0.002957256,0.002410064,0.009561071,0.039612018,0.005714367,0.372164601,1.773039295,0.000774227,0.003527284,0.00286099,0.009820294,0.04388491,0.005740663,0.2865367,1.432539274,0.000397837,0.002428305,0.001944206,0.006971209,0.033325489,0.003943795,12,5,2,10,12,18,9,18,15,42,18,15,17,10,14,8,28.84617641,143.4132475,0.040428878,0.244651946,0.19662831,0.712210606,3.347083681,0.403363224,8.563356816,70.36281388,-0.033616291,0.096398186,0.037140149,0.197031458,1.164416038,0.053608734,4.9769,5.5435,4.0128,5.2016,5.0898,4.9542,2.7653,6.7743,5.32,4.2129,4.0389,6.2437,1.2005,1.7314,2.04,2.0396,0.8827,1.1161,7.0895,3.6043,4.9726,5.5407,4.0389,5.2016,Ethanol
39,0.353370456,1.609181964,0.00055994,0.00268485,0.002799784,0.009197618,0.038451878,0.005235959,0.377572611,1.754720561,0.001078896,0.00344532,0.003236696,0.009660574,0.042599872,0.005676396,0.289017474,1.416327812,0.000548231,0.002298732,0.002176442,0.006633382,0.032392806,0.00383184,13,5,14,9,14,19,10,16,16,42,33,13,20,9,15,9,29.1610014,141.8752282,0.054922531,0.231361341,0.220379674,0.680173871,3.256452788,0.392674127,8.877709769,68.0977276,0.040156391,0.042835917,0.154997761,0.140742508,0.881632993,0.075146436,2.4876,2.5972,3.3003,3.7916,2.4323,5.4107,4.264,2.5764,2.9283,3.6114,3.6272,2.5027,1.9913,1.8216,1.992,2.1896,0.8872,2.3991,7.4892,2.0429,2.4368,2.6119,3.6272,3.7916,Ethanol
40,1.528664789,1.823661279,0.009809258,0.031376684,0.025752768,0.03294923,0.137337038,0.019145749,1.574195712,1.895383625,0.010439618,0.036167356,0.027872865,0.035219251,0.144523682,0.020808006,1.352456837,1.721758161,0.008739083,0.027808031,0.021761575,0.028419026,0.119458186,0.016918709,10,3,10,7,13,8,10,9,10,21,14,7,9,4,10,4,133.0624613,169.6023839,0.852860965,2.713650395,2.132338789,2.764188114,11.80658107,1.645438693,15.47156463,34.33583777,0.132962044,0.265505554,0.318559971,0.223531142,1.777196771,0.142235286,2.5927,2.7917,2.3905,4.5862,2.6341,2.3546,2.5599,16.1022,2.5363,1.3286,3.0299,1.2966,14.3412,1.0389,0.7903,176.5033,0.1399,1.5377,4.2895,1.8039,2.5842,2.5117,3.0299,4.5862,Ethanol
41,1.622225444,1.828019192,0.00955842,0.028461659,0.023252901,0.03254283,0.130708467,0.019295406,1.636129911,1.903347822,0.010252002,0.033060749,0.025941971,0.03441958,0.141293128,0.020215867,1.397480078,1.723369244,0.008632165,0.025601493,0.021184342,0.027714319,0.114766435,0.016486817,10,3,10,7,12,7,10,7,9,21,13,8,8,4,10,5,137.8061169,169.8521985,0.842623021,2.49994187,2.06454778,2.70558664,11.36142389,1.607492573,17.49183629,34.5349282,0.128213794,0.256363523,0.264073332,0.221548202,1.848522577,0.119728703,4.9926,5.8328,3.8196,10.8097,4.8288,3.7497,5.8604,21.135,4.8463,4.7779,6.517,3.3326,11.7035,1.3138,0.4893,165.5456,0.3081,1.8267,5.094,1.7102,4.8593,5.3052,6.517,10.8097,Ethanol
42,1.574252038,1.821504954,0.009527033,0.025933147,0.022784568,0.032935398,0.132593733,0.018966229,1.589781056,1.889869064,0.009914566,0.030693356,0.024537796,0.034273363,0.137557097,0.020421786,1.350330412,1.710292781,0.008384012,0.023830983,0.019928428,0.026650838,0.113869249,0.016644417,11,3,10,7,12,9,10,7,8,21,14,8,9,4,10,4,133.3414123,168.6814281,0.820637149,2.333785955,1.952264947,2.607212223,11.28250658,1.62264989,16.9346838,33.85147693,0.127057899,0.257243554,0.273291433,0.232851257,1.743562056,0.11987383,0.9844,0.847,1.3791,3.4566,1.0554,0.8158,2.8537,13.3591,1.0183,1.0246,2.5697,1.7578,27.7481,0.4074,0.7005,235.784,0.5861,0.6342,2.9419,4.4177,0.9947,0.7306,2.5697,3.4566,Ethanol
43,1.576144696,1.818478204,0.009226281,0.026329497,0.020223613,0.033143456,0.134465369,0.019603996,1.584971795,1.905830376,0.009816675,0.029484287,0.022497374,0.034577403,0.136266054,0.020578812,1.336687052,1.706724253,0.008260709,0.022662198,0.018002749,0.027084316,0.109569992,0.016487848,10,3,10,7,12,10,11,7,9,21,13,8,9,4,10,4,132.2852207,168.4797116,0.809039909,2.228726682,1.760373082,2.658509664,10.91311571,1.616230261,17.35159127,33.69611055,0.123952518,0.248338285,0.240340828,0.244714804,1.674003666,0.133509242,3.1388,3.2555,1.8818,4.634,3.1954,2.7692,2.8378,15.3623,3.0226,2.4209,4.0497,2.9441,15.1059,0.8739,0.9476,109.9819,0.1233,1.615,3.4568,1.7038,3.0672,2.8946,4.0497,4.634,Ethanol
44,1.510416883,1.814790004,0.009274671,0.025754263,0.019459013,0.033286847,0.128410125,0.018149001,1.529026305,1.900104612,0.009881298,0.027899574,0.020309685,0.035137106,0.136323492,0.020488762,1.296214081,1.720109575,0.008301404,0.02199714,0.017099674,0.027317928,0.114740187,0.016560507,11,3,10,8,13,9,10,7,9,21,14,8,8,5,10,4,127.6615691,169.3414016,0.810823721,2.146501625,1.667911112,2.664208101,11.32001804,1.60999011,16.38014867,32.7933558,0.13058452,0.222355658,0.222892698,0.222246564,1.619291623,0.122231745,3.6905,3.9642,2.2637,8.5836,3.8866,3.0498,6.0278,19.903,4.0123,4.7354,6.3948,3.0991,6.7785,0.865,0.6789,118.6974,0.4054,2.5377,2.3772,1.7968,3.756,3.7281,6.3948,8.5836,Ethanol
45,1.511144101,1.820632873,0.009397339,0.023987612,0.018788591,0.03388289,0.134458612,0.018165687,1.517321974,1.904346587,0.009816675,0.02774975,0.021039918,0.034195805,0.135831504,0.020634255,1.275634673,1.716431366,0.008230346,0.021433906,0.017029591,0.027209588,0.113060685,0.016631807,11,3,11,8,12,9,9,6,9,20,13,8,10,4,10,4,126.0939049,169.2136384,0.805127841,2.099537726,1.666268729,2.662531007,11.19084711,1.623962744,16.60942708,32.88447294,0.118427507,0.227047971,0.266447797,0.227997144,1.681763182,0.107763638,2.1371,2.6704,1.0182,3.172,2.3453,1.9453,3.4634,14.0849,2.3808,2.1465,2.808,2.0562,18.6849,0.8827,0.8606,211.821,0.6297,1.0693,1.2789,7.9146,2.2783,2.2476,2.808,3.172,Ethanol
46,0.329542564,1.61336262,0.000527346,0.002542603,0.0021795,0.009500876,0.030270278,0.005651141,0.366520131,1.776738015,0.000706133,0.00345664,0.003020933,0.010049278,0.04276687,0.006142708,0.29596038,1.457799402,0.000442147,0.002258364,0.002043629,0.007661992,0.028709666,0.004435629,2,4,1,8,11,15,3,15,17,43,17,12,21,9,15,8,29.56520182,145.6584139,0.044321634,0.227557545,0.206359027,0.775445026,2.860454136,0.449317951,12.79185457,87.49582668,-0.044748348,0.011043643,0.012100039,0.045168357,0.518006591,0.051529851,2.0363,2.5766,2.2419,2.7332,2.0114,5.1191,4.2988,3.2485,2.2617,2.8616,3.3209,3.0025,1.4864,1.8319,1.9105,3.597,0.9372,1.9278,6.1313,2.9925,1.9812,2.576,3.3209,2.7332,Ethanol
47,0.365767487,1.614918889,0.0006021,0.002803995,0.002878155,0.009404894,0.039269321,0.005443438,0.392406687,1.774022172,0.000890807,0.003301408,0.003129658,0.009952647,0.043839,0.006040852,0.30511815,1.439080561,0.000547477,0.002281953,0.002250593,0.007211529,0.03344965,0.004199227,11,4,3,10,15,15,7,15,16,43,36,16,32,10,14,8,30.7141121,143.9804334,0.054817173,0.229849267,0.226844211,0.733203593,3.356843281,0.427812697,10.09194515,85.93199702,0.066606315,0.051458144,0.30798052,0.118115702,0.865053207,0.134378466,3.1998,3.4663,3.0386,3.8639,3.0962,4.0964,3.6923,3.6972,3.5668,3.6437,3.8068,3.4687,1.9367,1.6043,2.001,2.9148,0.8022,1.6558,7.0894,4.3659,3.1653,3.4635,3.8068,3.8639,Ethanol
48,21.5134459,1.953892807,0.813911035,5.186119644,3.971529018,1.536741552,13.3784931,1.177718626,33.43372901,2.052161232,0.960626803,10.38362484,6.858457647,2.620332883,19.65426861,1.792545294,20.56094133,1.830889094,0.702784705,6.149113298,4.330901769,1.699535815,12.95806812,1.197704076,3,3,1,1,1,1,1,1,6,49,5,6,3,2,5,3,2014.40602,181.6409145,68.83807036,595.7458462,422.1387789,161.5875172,1257.771477,114.3253554,218.672113,118.3994342,6.581213097,43.48565921,30.28920601,7.491944796,89.79661038,5.564007247,2.5701,2.9518,7.2763,7.9572,2.3457,4.9497,7.6043,23.3301,2.4613,4.1163,2.7775,6.9321,11.1195,1.7639,1.7541,183.9423,0.2434,3.2827,9.4697,7.9363,2.4369,4.4273,2.7775,7.9572,Methanol
49,26.15345137,1.888804063,1.032357106,5.186500528,3.345215695,1.492240121,12.26171376,1.125961416,41.15345137,1.907674489,2.107787278,10.38400573,6.861104809,2.181463179,18.42542184,1.856879579,25.84283797,1.736773672,1.218063977,5.423983899,3.64324292,1.434251746,11.22319532,1.171572483,2,3,0,1,1,1,2,2,5,29,3,5,3,3,4,3,2515.769437,172.5111964,117.1289296,525.193149,354.5264114,136.9811399,1090.613629,111.6805193,248.8168287,63.7630568,6.649818561,35.3843379,24.80619543,6.994051691,77.91227823,5.476934017,3.1535,2.9465,1.3902,10.7578,3.1963,2.2846,8.8999,20.8583,2.9867,2.8813,3.9492,2.8097,15.2732,1.2168,2.5245,231.8166,0.6075,2.227,2.3658,3.8156,3.0857,2.0291,3.9492,10.7578,Methanol
50,33.43351308,1.594620098,0.816506263,4.320450953,3.713061102,1.212926181,5.316976471,0.875531701,37.99674646,1.613189819,1.008332913,5.186701819,4.275279993,2.09419913,5.738877345,1.101862413,18.02906724,1.331811571,0.547406779,2.516260013,1.679281248,0.818694194,2.815256768,0.593139404,6,7,2,4,5,1,9,2,6,37,3,11,2,4,3,5,1914.802698,134.2032573,56.35873741,261.0066862,183.708684,83.59543926,303.2951405,61.11040093,514.8653675,147.8427402,10.14928058,50.90597135,48.82815757,11.63692953,87.25144857,9.70021031,2.7535,2.6285,4.6276,3.0557,2.7882,3.4147,3.9745,3.1031,3.0655,2.4096,2.6181,3.8839,1.1768,0.838,3.1951,2.9319,1.0438,1.3212,9.2244,6.391,2.674,2.6282,2.6181,3.0557,Methanol
51,30.72767041,1.443140541,0.840504437,3.2370527,2.744027077,0.86586218,5.735008729,0.695902538,31.22370216,1.461082477,0.874845096,3.701115664,2.744027077,1.450657501,6.097579793,0.758264925,13.5836626,1.217802635,0.490433091,1.631220165,0.666026234,0.514534633,2.682257242,0.402810106,10,7,5,13,16,2,12,3,4,40,2,5,2,1,3,3,1499.574699,122.6139592,51.48149451,176.019723,83.82162267,53.68324427,292.4604287,42.11290004,382.6759561,78.79485707,9.039058102,36.94938168,26.77149082,7.404301984,71.06663315,6.439689646,2.6334,2.8859,5.0372,3.4621,2.5904,2.1949,3.0065,2.3472,2.9417,2.9942,2.1417,3.1126,1.458,1.3635,2.8382,2.8183,1.167,1.2285,9.8334,5.6789,2.5538,2.834,2.1417,3.4621,Methanol
52,23.59056865,1.744258209,1.466492113,4.713335427,3.629291342,1.536498514,12.25865996,1.078683799,31.24021485,1.801750044,1.695429842,7.413338127,4.620745011,1.80339293,15.50271685,1.205382576,20.7790597,1.628842154,1.249002196,4.503440477,3.286651682,1.270274757,10.76232839,0.885909488,3,4,1,1,2,1,3,2,5,49,1,2,1,2,4,3,2043.439244,161.6630286,122.4902483,445.4138393,323.4071996,122.0216672,1054.295916,85.47558948,186.1679482,59.95282175,9.1337973,38.36046056,24.41177204,6.434353864,80.40735795,4.821894226,0.4315,1.6641,2.3166,3.8968,1.5466,1.5516,5.9088,13.3789,0.626,0.6735,1.3159,1.553,40.4503,0.8453,2.0397,226.0839,0.6789,1.9318,3.2956,3.0581,0.588,1.5576,1.3159,3.8968,Methanol
53,18.93379979,1.750289235,0.771306457,5.185600696,4.750158194,1.450357016,15.49820461,1.177626214,25.1573497,1.856701911,1.658748698,8.650604161,5.7080126,2.181351168,21.05944499,1.676098588,16.72401609,1.662527301,0.716115077,5.7473548,4.179550633,1.344728819,14.65834671,1.090665428,2,3,1,1,3,1,3,1,5,50,2,2,1,1,3,2,1638.778465,164.6103346,69.10078736,561.4519127,406.7945188,127.4489078,1419.186822,103.7737499,140.3573591,54.78786016,4.603295811,39.5912614,26.41169306,5.143219166,89.45807905,4.55286296,6.728,6.2782,5.8939,9.0388,6.8914,6.8217,8.6586,19.5124,6.7749,5.9491,7.3988,5.4382,14.0784,0.5549,1.4112,156.3712,0.2501,2.4311,6.5042,1.6484,6.8556,6.6719,7.3988,9.0388,Methanol
54,22.20846598,2.397641808,0.984484242,4.712758012,4.067811654,1.742451367,9.474841504,1.234066171,28.89295796,2.402044357,1.634713123,8.650261949,4.888829716,2.181047858,11.31018882,1.365147011,19.03513533,1.988749102,0.996309596,5.169882754,3.466630044,1.412430741,7.544628572,0.975954967,4,17,2,2,3,1,4,2,6,18,3,2,2,2,5,3,1880.63943,198.6491632,96.90400313,508.9117712,344.0219371,136.3364063,745.5818305,94.60424929,209.6741418,67.51097385,6.772784781,45.34241745,28.84441096,7.79573237,66.86870322,5.739665945,1.9036,1.5485,1.5409,3.5226,2.0137,1.4771,3.7084,7.7464,1.801,1.1601,0.9805,2.962,15.8924,0.4758,1.1148,73.6433,0.3058,2.3976,2.6706,2.9535,1.942,1.4734,0.9805,3.5226,Methanol
55,24.76197829,2.385083924,0.984269731,5.184889894,3.794592808,1.632840011,11.30901162,1.177586464,33.34382768,2.385083924,1.547475498,6.484266193,4.384041673,2.012394667,13.3779486,1.329979399,21.427492,2.020243529,0.937907643,4.359261725,3.218045491,1.436418643,9.27336249,0.98911287,4,13,1,2,3,1,3,1,5,17,3,4,2,2,4,2,2113.200778,201.5999407,91.60801741,433.5274627,319.4277026,138.8276221,915.8695374,96.3850752,217.7388886,54.36713653,6.638511651,40.62424627,26.98637928,8.201291936,80.21488415,6.409307484,3.746,2.7067,2.0952,5.2251,3.8694,2.3977,3.3101,14.5818,3.2374,2.7506,3.4879,9.1055,23.9982,0.6072,0.7382,75.2909,0.4759,1.3009,3.237,9.7543,3.6891,2.4008,3.4879,5.2251,Methanol
56,23.50745739,2.219228668,1.01886751,4.711889648,1.899231913,1.582969847,4.773024363,1.150828134,33.30937693,2.219228668,1.54707757,5.761890698,2.117170696,1.937391254,5.724030432,1.329635844,21.35329957,1.910650837,0.96264869,4.222747079,1.631479307,1.369912374,4.07696881,0.973020782,4,11,1,2,2,1,5,2,4,15,3,1,1,2,4,3,2072.589925,189.3232261,92.49403759,414.8695569,159.2787808,130.1698322,399.0110247,92.43548805,162.5862883,31.3186558,4.945448088,30.44892818,10.76845901,5.498517443,31.68813638,3.76406744,3.3349,2.904,2.8823,7.0707,3.4372,3.4869,6.1333,16.3979,3.218,2.6561,2.834,3.0227,15.2919,0.7013,1.4222,242.0728,0.4821,4.3813,4.9642,3.2974,3.3293,3.3938,2.834,7.0707,Methanol
57,23.81848861,2.242206263,0.984253646,4.712040132,0.803868725,1.450115627,0.697842502,1.014382144,32.21512996,2.244271953,1.444743607,5.762041182,1.268990931,1.937445061,1.678017975,1.264507708,20.9796026,1.929783944,0.944277309,4.204926698,0.820609386,1.309804312,0.660707374,0.930183205,4,10,1,1,2,1,7,2,5,15,3,2,1,2,9,2,2047.267892,191.6967647,91.10823629,415.9821317,79.62478185,125.0524004,65.08887666,88.84392744,184.7611542,45.05957527,5.302576338,33.38792296,5.57685614,5.852471283,10.08624366,4.248160594,5.9226,6.2788,2.6672,9.8596,5.7975,5.8166,6.2282,17.7009,5.4101,4.6525,3.5081,3.5219,9.5652,1.1337,1.3388,139.9457,0.495,7.7985,4.5747,4.7013,5.7967,6.0088,3.5081,9.8596,Methanol
58,17.59530792,2.222163609,0.973210934,4.711863119,3.15466959,1.686078741,7.141543836,1.034750853,21.15262017,2.222163609,1.444847676,5.761864169,3.709947506,1.86798512,7.711231875,1.264366119,15.23180379,1.917498219,0.953661196,4.174594552,2.69773362,1.369464853,5.511415,0.959554353,4,10,1,2,2,1,10,1,5,16,2,2,2,2,3,2,1489.042141,190.0733643,91.62481408,408.7472145,261.4360425,130.2726331,540.2920637,91.17703782,149.0119996,43.39806919,4.987707944,28.74038019,15.69661013,5.536887148,43.50597072,3.871706884,2.7843,3.3338,2.9092,3.4597,2.6438,3.2611,5.0233,15.0778,2.9919,4.5855,2.7696,5.3035,28.269,0.4114,1.7298,242.3308,0.4095,3.4099,4.5165,3.918,2.8714,3.2589,2.7696,3.4597,Methanol
59,20.94342074,2.209913831,1.019225173,4.711769418,3.097452987,1.450593721,7.5138007,1.151213768,26.46507142,2.211939888,1.469114431,5.761770468,3.554610771,2.380949915,8.380783815,1.365312473,18.06443375,1.897103802,0.953326051,4.235786297,2.640597575,1.370125732,6.205098142,0.967693955,4,10,1,1,3,0,4,1,5,16,3,2,2,2,4,2,1771.801807,188.7151798,92.28931849,418.0522628,258.2279437,130.6531621,608.7876608,92.88823982,189.5324942,49.92330516,5.584210207,32.91705544,17.87290606,6.231014113,51.15776229,4.823393241,1.7899,2.0409,2.1808,6.6513,2.0056,1.978,4.7979,14.3422,1.5721,3.921,1.9876,2.303,23.5442,2.0593,1.2861,225.4637,0.6384,5.3708,3.5713,3.0345,1.6985,2.0084,1.9876,6.6513,Methanol
60,0.628682331,0.844079088,0.002952237,0.018292835,0.028757002,0.013943021,0.104401025,0.009342348,0.670593128,1.025166916,0.027103661,0.021763463,0.029988118,0.015262272,0.116785395,0.010844526,0.526781721,0.837082207,0.005558094,0.015163716,0.021542038,0.011827216,0.089081409,0.008313181,20,3,0,12,28,2,19,18,12,51,3,10,10,8,10,5,52.30625565,82.47601727,0.51705803,1.505627696,2.160225822,1.168871202,8.78285062,0.817199202,5.079736029,72.00411204,0.672291092,0.118109816,0.072892123,0.03758682,0.320624957,0.041598773,3.1236,3.6803,1.8604,3.5195,3.0038,3.3566,7.3986,3.8849,3.0495,2.1539,5.3499,2.3902,8.8209,0.3398,1.5672,2.5694,0.142,1.9161,2.4947,1.6381,3.0096,3.4069,5.3503,3.5195,Toluene
61,0.153597499,0.658174916,0.000123646,0.001773068,0.001223526,0.00222027,0.013040492,0.001255383,0.154925804,0.815358678,0.000379882,0.001888624,0.001740224,0.002533674,0.013731014,0.001480379,0.110582112,0.631091988,0.000118171,0.001100335,0.00087784,0.001683925,0.009723507,0.000882815,24,4,8,23,38,18,16,21,27,44,13,14,16,22,22,16,11.33155583,62.64580714,0.011745105,0.114491106,0.091215514,0.171450119,0.9912193,0.090445074,5.562325794,36.06029564,0.004495182,0.033285551,0.019550122,0.047484482,0.109646571,0.015213562,1.6254,1.706,1.2022,1.5154,1.6978,2.1458,1.5646,1.2457,1.7576,1.4821,1.9378,1.4387,1.5661,1.108,0.8741,0.7483,0.4224,0.7475,2.4863,2.1379,1.6724,1.6946,1.9378,1.5154,Toluene
62,0.156914864,0.64208351,0.000152925,0.001678628,0.00124052,0.00242286,0.014057821,0.001379907,0.158648219,0.7862286,0.000260045,0.001866924,0.001710641,0.002612554,0.014393386,0.001643224,0.111471111,0.61371713,0.00011262,0.0011176,0.000933028,0.001837441,0.010508979,0.001024902,26,4,32,19,26,19,22,24,26,44,14,18,17,27,22,20,11.43658574,60.94428414,0.011347611,0.115930603,0.095665503,0.186995978,1.068882562,0.105163418,5.359722168,34.71675876,0.007172572,0.041534628,0.004896855,0.117933793,0.506636894,0.072226919,3.4198,4.0147,1.5523,4.1249,3.4692,3.6868,1.7712,3.091,3.6698,2.8513,2.9865,2.3315,1.6845,0.9398,0.8879,0.7339,0.5899,0.9693,3.4057,1.8829,3.428,4.0265,2.9865,4.1249,Toluene
63,0.158518459,0.648150455,0.000156788,0.001734599,0.001600207,0.002360915,0.013258238,0.001441552,0.161421792,0.787615441,0.000230648,0.001784118,0.001780915,0.002445212,0.014514147,0.001777523,0.111935376,0.610795844,0.000101177,0.00106024,0.000995661,0.001600146,0.010247876,0.000989956,26,5,31,22,49,22,11,20,27,43,14,13,17,13,24,19,11.50239573,60.74158069,0.010227847,0.110553389,0.103492461,0.16349228,1.043845804,0.10181616,6.767967822,37.53643443,0.00210779,0.027313722,0.089942487,0.005393839,0.485549577,0.059245006,1.6698,1.9489,1.9653,1.9492,1.6864,1.5735,1.4605,2.8682,1.9349,1.613,1.6036,2.8413,1.9606,1.2172,0.8661,1.4236,0.3914,0.9967,3.5877,2.4723,1.6344,1.9465,1.6036,1.9492,Toluene
64,0.550891451,0.742121105,0.00142312,0.01531659,0.016181754,0.01206617,0.094496796,0.009026698,0.558672995,0.869008877,0.038710117,0.016288756,0.017125684,0.012714615,0.100090299,0.009366622,0.428191055,0.71603478,0.005072514,0.011095373,0.013339634,0.009726145,0.073338962,0.006588474,23,2,0,18,2,1,25,27,13,51,2,10,9,11,11,7,42.96266822,70.75431605,0.461912013,1.119852196,1.329899198,0.969481829,7.3438221,0.659179973,8.117945831,23.61457989,-0.077681588,0.190759267,0.171380397,0.145872508,1.314641967,0.086206759,0.2624,0.4817,2.3722,1.4882,0.2192,0.7909,5.2072,1.1521,0.2352,1.3891,0.8821,0.8447,7.392,1.0754,1.3612,0.6948,0.1379,1.5119,3.0079,2.1336,0.2303,0.4193,0.8821,1.4882,Toluene
65,0.622934335,0.617037693,0.002925227,0.016452843,0.024578346,0.012323976,0.108909454,0.009968029,0.62413927,0.807936534,0.046485986,0.017049168,0.024877441,0.012615337,0.110637747,0.010580532,0.475766003,0.632761178,0.006290656,0.012240292,0.018716962,0.009375055,0.083494369,0.007287276,22,2,0,16,26,21,23,24,13,27,4,9,10,9,10,8,47.68829591,62.11005446,0.584280087,1.231583056,1.876438214,0.937363357,8.336584819,0.727820811,8.253199284,14.3014863,-0.101374591,0.185165438,0.274969844,0.139276885,1.310662724,0.092347039,0.2842,1.0521,0.6292,1.4849,0.1914,2.2332,1.8658,5.7352,0.2227,1.1964,0.9652,1.8577,9.3318,0.9438,0.4646,3.6454,0.1922,2.4552,0.9603,3.302,0.1729,1.632,0.9652,1.4849,Toluene
66,1.612431573,0.52798246,0.00666384,0.026320861,0.024414671,0.028321655,0.139252724,0.047837487,1.689402016,0.673504376,0.007973087,0.030365946,0.026692805,0.031640969,0.158288255,0.05494263,1.220683756,0.549324474,0.005944101,0.021346358,0.019231018,0.023352564,0.106404337,0.030856249,23,2,11,13,15,15,24,28,12,52,11,11,8,7,12,3,121.7144494,53.85175157,0.584761567,2.111151055,1.915377013,2.314989603,10.62555395,3.038374029,19.21343277,20.86250232,0.088743977,0.28954446,0.243028487,0.29151286,1.892367793,0.276262316,0.5599,1.0078,0.57,2.3433,0.4714,1.055,2.6758,4.5877,0.5857,0.8499,1.2313,1.2571,8.1757,0.5336,0.6777,4.8393,0.146,1.0839,0.7338,1.7067,0.5206,1.056,1.2313,2.3433,Toluene
67,1.254545048,0.459187869,0.005919616,0.023678818,0.01895409,0.022310392,0.110633078,0.018853102,1.254545048,0.636410765,0.0060828,0.025067517,0.019675442,0.024136409,0.110633078,0.019302789,0.920212396,0.485012581,0.004650424,0.017915368,0.014086964,0.017724408,0.081429288,0.012902292,21,1,12,15,16,13,22,28,13,27,12,9,10,9,13,7,92.56420913,47.49170691,0.464545714,1.80170058,1.418399219,1.770721844,8.184234274,1.293675306,17.74848633,12.10310403,0.08088709,0.300475775,0.213532377,0.251233843,1.63406515,0.172122844,1.3362,1.6133,2.0649,2.0982,1.4555,2.0249,2.1307,5.708,1.4144,2.1502,1.4205,2.3027,9.1141,0.6466,0.4854,8.087,0.483,2.0126,2.8902,1.4017,1.3222,1.7041,1.4205,2.0982,Toluene
68,1.06142888,0.452702772,0.005391545,0.020843112,0.015688713,0.019391192,0.093191848,0.014257812,1.062695671,0.648424718,0.005391545,0.02173571,0.015933647,0.01979903,0.097332945,0.015107637,0.820711275,0.485861979,0.004180651,0.015782284,0.011823275,0.015374125,0.074305082,0.011189238,16,1,12,14,15,12,16,15,13,27,9,10,9,9,13,7,82.2337447,47.50127166,0.417758506,1.585160764,1.188878137,1.532947583,7.425078279,1.11223747,16.03619428,12.0352703,0.061678319,0.26339331,0.198278542,0.215117888,1.376523777,0.157373602,1.54,1.8905,0.6286,2.8687,1.7654,2.1279,2.4187,4.0999,1.8239,2.283,2.3571,2.756,16.4854,0.5102,0.4713,0.9081,0.2353,1.0431,1.0185,1.2108,1.6455,1.9033,2.3571,2.8687,Toluene
69,0.175388978,0.811290132,0.000175196,0.001928085,0.001461356,0.002545062,0.015835046,0.001496939,0.177625296,1.042175432,0.000562919,0.002106422,0.001911706,0.002727148,0.017180192,0.001748107,0.128113558,0.80371349,0.000158943,0.001337807,0.001143815,0.00190443,0.012750814,0.001001654,26,2,29,20,19,21,5,25,24,46,29,20,15,22,20,22,13.09055945,79.55346423,0.015438249,0.137604462,0.117217216,0.193861572,1.289477558,0.103088519,6.025131355,43.71922084,0.003743877,0.069659967,0.051814179,0.119249544,0.525033362,0.063089382,5.735,6.1743,2.2667,6.5489,5.8372,5.9642,2.945,5.6372,6.1914,5.3814,5.4723,5.0058,1.6461,0.9795,1.1891,1.19,0.6598,1.4262,3.031,2.3121,5.7021,6.1811,5.4723,6.5489,Toluene
70,0.154148269,0.741079577,0.000152863,0.001574966,0.001683016,0.002355105,0.013913995,0.001342785,0.155082613,0.954096244,0.000308352,0.001762535,0.002077465,0.002520443,0.01480504,0.001613472,0.115204701,0.719935781,0.000142976,0.001120061,0.001180187,0.001757526,0.011366826,0.000926369,23,4,33,16,56,20,5,22,28,44,14,16,27,18,24,14,11.7470143,71.37120474,0.013951074,0.115547254,0.119787317,0.178334236,1.146654396,0.09482123,6.881653637,42.97801699,0.009862553,0.047275382,0.146181453,0.07530753,0.545467823,0.037710974,2.2871,2.719,1.5864,2.4563,2.1039,2.6588,1.8611,1.6087,2.467,2.4837,2.1848,1.4541,1.628,1.1327,1.1152,1.4666,0.3702,1.2481,3.5075,1.9427,2.203,2.7054,2.1848,2.4563,Toluene
71,0.150730496,0.679355463,9.78E-05,0.001693107,0.001598377,0.002181381,0.014031473,0.001152992,0.153162769,0.860915002,0.000427927,0.001807204,0.001708537,0.002544684,0.014544295,0.001530712,0.110160558,0.660347487,0.000134851,0.001069539,0.000956297,0.001750303,0.010946283,0.000911286,25,4,27,21,31,18,19,19,26,44,11,18,21,20,23,17,11.27308378,65.45959559,0.013492292,0.11093763,0.099757723,0.178336033,1.108304942,0.092870206,6.144713272,36.60101418,0.015021767,0.029645562,0.058522519,0.086896317,0.524686113,0.028845452,1.437,1.3462,1.0107,1.5038,1.3415,2.7006,2.0889,1.0609,1.4627,1.9023,1.4412,1.5555,1.647,1.3725,1.0337,1.0499,0.3666,1.3751,2.4139,1.5469,1.3913,1.3577,1.4412,1.5038,Toluene
